dateTime,valid,binCount0,binCount1,binCount2,binCount3,binCount4,binCount5,binCount6,binCount7,binCount8,binCount9,binCount10,binCount11,binCount12,binCount13,binCount14,binCount15,binCount16,binCount17,binCount18,binCount19,binCount20,binCount21,binCount22,binCount23,bin1TimeToCross,bin3TimeToCross,bin5TimeToCross,bin7TimeToCross,samplingPeriod,sampleFlowRate,temperature,humidity,pm1,pm2_5,pm10,rejectCountGlitch,rejectCountLongTOF,rejectCountRatio,rejectCountOutOfRange,fanRevCount,laserStatus,checkSum
2019-01-30 06:57:02.682508,1,782,7,2,1,1,0,0,0,0,0,0,0,0,0,0,0,0,0,0,0,0,0,0,0,37,39,0,0,366,365,25.924,38.58,2.10,2.27,2.28,142,497,161,10,0,624,26444
2019-01-30 06:57:10.031605,1,258,12,1,0,2,2,0,0,2,0,0,0,0,0,0,0,0,0,0,0,0,0,0,0,32,0,50,0,366,376,25.935,38.766,0.79,1.80,7.90,71,89,178,13,0,624,25449
2019-01-30 06:57:17.382836,1,175,6,6,1,2,1,1,0,1,0,0,0,0,0,0,0,0,0,0,0,0,0,0,0,35,46,67,0,366,375,25.94,38.484,0.63,1.59,5.03,79,55,188,15,0,624,26389
2019-01-30 06:57:24.733902,1,185,10,2,1,2,0,0,0,0,0,0,0,0,0,0,0,0,0,0,0,0,0,0,0,37,35,0,0,366,367,25.935,38.006,0.62,0.86,0.89,62,58,176,19,0,624,48321
2019-01-30 06:57:32.082795,1,166,6,8,1,2,1,0,0,1,0,0,0,0,0,0,0,0,0,0,0,0,0,0,0,35,35,44,0,366,367,25.951,37.788,0.65,1.35,4.49,46,50,191,15,0,624,55482
2019-01-30 06:57:39.434040,1,154,10,5,0,2,2,1,2,0,0,0,0,0,0,0,0,0,0,0,0,0,0,0,0,36,0,41,47,366,364,25.957,37.808,0.60,2.14,5.13,35,60,153,19,0,625,33140
2019-01-30 06:57:46.786053,1,166,15,6,1,2,2,0,0,0,0,1,0,0,0,0,0,0,0,0,0,0,0,0,0,33,34,50,0,366,373,25.973,37.934,0.68,1.38,10.98,44,45,178,16,0,624,11033
2019-01-30 06:57:54.138211,1,175,9,6,3,0,1,1,0,0,0,0,0,0,0,0,0,0,0,0,0,0,0,0,0,33,40,39,0,366,378,25.983,37.856,0.65,1.27,1.72,51,56,196,17,0,624,57799
2019-01-30 06:58:01.485024,1,172,7,7,0,2,1,0,0,0,0,0,0,0,0,0,0,0,0,0,0,0,0,0,0,33,0,39,0,366,381,25.989,37.602,0.61,1.03,1.14,47,51,204,12,0,625,5266
2019-01-30 06:58:08.835158,1,163,18,5,2,1,2,3,0,0,0,0,0,0,0,0,0,0,0,0,0,0,0,0,0,39,41,41,0,366,358,26.004,37.326,0.72,2.23,3.58,50,87,189,14,0,625,7698
2019-01-30 06:58:16.186253,1,154,7,3,2,2,3,1,0,0,0,0,0,0,0,0,0,0,0,0,0,0,0,0,0,35,35,47,0,366,359,26.026,37.212,0.61,1.80,2.48,39,79,191,13,0,624,36125
2019-01-30 06:58:23.537365,1,197,9,4,1,4,1,1,0,0,1,0,0,0,0,0,0,0,0,0,0,0,0,0,0,36,36,44,0,366,357,26.031,37.07,0.75,1.83,8.43,62,126,221,16,0,624,9065
2019-01-30 06:58:30.890632,1,170,8,3,3,2,1,1,1,0,0,0,0,0,0,0,0,0,0,0,0,0,0,0,0,31,40,43,60,366,368,26.036,37.034,0.64,1.75,3.44,23,94,160,12,0,624,20547
2019-01-30 06:58:38.239417,1,266,11,6,0,1,0,0,0,0,0,0,0,0,0,0,0,0,0,0,0,0,0,0,0,38,0,0,0,367,358,26.063,36.86,0.87,1.02,1.03,80,109,198,19,0,624,41141
2019-01-30 06:58:45.592658,1,196,11,2,2,3,2,2,0,0,0,0,0,0,0,0,0,0,0,0,0,0,0,0,0,37,33,43,0,366,353,26.073,36.782,0.76,2.16,3.16,46,114,207,20,0,624,31992
2019-01-30 06:58:52.943570,1,154,17,5,0,1,1,3,0,0,0,0,0,0,0,0,0,0,0,0,0,0,0,0,0,34,0,52,0,367,360,26.084,36.768,0.63,1.86,3.10,32,80,171,16,0,624,4206
2019-01-30 06:59:00.292525,1,208,16,1,0,4,0,0,0,1,0,0,0,0,0,0,0,0,0,0,0,0,0,0,0,38,0,0,0,366,349,26.1,38.132,0.76,1.40,4.64,56,75,259,27,0,624,22126
2019-01-30 06:59:07.643827,1,197,8,6,1,3,2,0,1,1,0,0,0,0,0,0,0,0,0,0,0,0,0,0,0,40,45,46,70,366,339,26.115,37.938,0.80,2.19,6.99,71,122,252,16,0,624,2899
2019-01-30 06:59:14.995974,1,204,9,3,4,2,0,2,1,1,0,0,1,0,0,0,0,0,0,0,0,0,0,0,0,41,38,0,61,366,328,26.126,37.458,0.84,2.48,23.21,85,68,254,16,0,624,51248
2019-01-30 06:59:22.347864,1,260,8,3,5,2,1,0,0,0,0,0,0,0,0,0,0,0,0,0,0,0,0,0,0,34,36,48,0,366,335,26.147,37.046,0.99,1.64,1.77,115,75,254,16,0,624,46717
2019-01-30 06:59:29.702095,1,292,6,3,1,1,0,0,1,0,0,1,0,0,0,0,0,0,0,0,0,0,0,0,0,32,37,0,69,366,342,26.152,36.668,0.92,1.47,13.04,129,57,252,20,0,624,19945
2019-01-30 06:59:37.050869,1,221,8,2,1,0,0,2,0,0,0,0,0,0,0,0,0,0,0,0,0,0,0,0,0,40,35,0,0,367,334,26.168,36.512,0.73,1.44,2.26,85,82,250,16,0,624,9762
2019-01-30 06:59:44.404364,1,303,8,3,2,1,1,0,1,0,0,0,0,0,0,0,0,0,0,0,0,0,0,0,0,36,37,66,42,366,335,26.184,36.194,1.02,1.79,3.21,102,101,256,10,0,624,53110
2019-01-30 06:59:51.758309,1,372,7,4,1,1,1,0,2,0,0,0,0,0,0,0,0,0,0,0,0,0,0,0,0,35,36,60,30,367,338,26.196,36.3,1.19,2.25,4.95,152,97,285,20,0,624,45336
2019-01-30 06:59:59.110270,1,239,10,4,2,0,0,0,1,0,0,0,0,0,0,0,0,0,0,0,0,0,0,0,0,41,33,0,42,367,326,26.212,36.144,0.86,1.33,2.68,105,81,221,23,0,624,8149
2019-01-30 07:00:06.463379,1,314,11,3,0,1,3,0,0,0,0,1,0,0,0,0,0,0,0,0,0,0,0,0,0,36,0,44,0,366,329,26.222,36.404,1.07,1.92,12.90,109,59,218,19,0,624,13622
2019-01-30 07:00:13.812260,1,267,10,2,1,1,0,0,0,2,0,0,0,0,0,0,0,0,0,0,0,0,0,0,0,36,31,0,0,367,332,26.238,36.15,0.89,1.55,8.23,111,65,220,15,0,624,24033
2019-01-30 07:00:21.162371,1,242,10,3,0,1,2,0,0,0,0,0,0,0,0,0,0,0,0,0,0,0,0,0,0,35,0,38,0,366,336,26.254,35.754,0.83,1.40,1.60,89,79,184,18,0,624,61410
2019-01-30 07:00:28.512486,1,278,8,2,0,0,1,0,0,0,0,0,0,0,0,0,0,0,0,0,0,0,0,0,0,33,0,37,0,366,344,26.264,35.558,0.85,1.08,1.18,97,110,250,16,0,624,50386
2019-01-30 07:00:35.863507,1,236,5,0,0,1,1,1,0,0,0,0,0,0,0,0,0,0,0,0,0,0,0,0,0,32,0,50,0,366,350,26.264,35.456,0.70,1.32,1.81,102,78,168,27,0,625,39478
2019-01-30 07:00:43.213448,1,294,7,6,0,2,1,1,0,1,0,0,0,0,0,0,0,0,0,0,0,0,0,0,0,42,0,33,0,366,338,26.286,35.442,1.01,2.04,5.85,124,56,183,16,0,625,59039
2019-01-30 07:00:50.564694,1,236,8,4,0,2,1,2,0,0,0,0,0,0,0,0,0,0,0,0,0,0,0,0,0,38,0,37,0,366,334,26.301,35.69,0.84,1.95,2.89,106,66,246,16,0,624,45499
2019-01-30 07:00:57.915761,1,260,10,0,0,1,2,0,0,0,0,0,0,0,0,0,0,0,0,0,0,0,0,0,0,33,0,44,0,366,344,26.307,35.652,0.82,1.35,1.54,115,102,276,14,0,624,28753
2019-01-30 07:01:05.267945,1,283,8,12,2,2,0,0,0,0,0,0,0,0,0,0,0,0,0,0,0,0,0,0,0,35,46,0,0,366,346,26.333,35.516,1.08,1.46,1.49,128,68,221,16,0,623,49637
2019-01-30 07:01:12.620991,1,311,15,3,1,2,0,1,1,0,0,0,0,0,0,0,0,0,0,0,0,0,0,0,0,38,40,0,41,366,339,26.333,35.376,1.07,2.00,3.73,159,95,254,18,0,623,39090
2019-01-30 07:01:19.971893,1,266,3,1,2,3,1,0,0,0,0,1,0,0,0,0,0,0,0,0,0,0,0,0,0,35,36,39,0,367,340,26.354,35.282,0.88,1.53,11.97,120,92,244,11,0,623,22294
2019-01-30 07:01:27.322899,1,285,8,4,1,1,1,0,0,0,0,0,0,0,0,0,0,0,0,0,0,0,0,0,0,36,50,36,0,366,341,26.37,35.226,0.95,1.34,1.45,128,83,289,17,0,623,8319
2019-01-30 07:01:34.669790,1,277,5,2,0,2,2,0,0,0,0,0,0,0,0,0,0,0,0,0,0,0,0,0,0,42,0,34,0,366,333,26.375,35.208,0.91,1.57,1.79,150,77,261,9,0,624,48247
2019-01-30 07:01:42.018953,1,281,12,7,0,2,0,0,0,1,0,0,0,0,0,0,0,0,0,0,0,0,0,0,0,35,0,0,0,366,338,26.396,34.974,1.01,1.52,4.83,100,58,245,21,0,624,18523
2019-01-30 07:01:49.370252,1,260,12,2,1,0,0,1,2,0,0,0,0,0,0,0,0,0,0,0,0,0,0,0,0,40,63,0,49,366,327,26.413,34.836,0.88,1.97,5.08,109,45,218,20,0,624,58493
2019-01-30 07:01:56.719016,1,288,11,3,0,0,0,0,0,0,0,0,0,0,0,0,0,0,0,0,0,0,0,0,0,33,0,0,0,366,338,26.419,34.778,0.91,0.95,0.95,130,53,237,17,0,624,23090
2019-01-30 07:02:04.069113,1,233,9,3,0,0,2,1,0,1,1,0,0,0,0,0,0,0,0,0,0,0,0,0,0,29,0,44,0,366,357,26.429,34.562,0.74,1.82,11.57,100,75,233,16,0,624,5831
2019-01-30 07:02:11.419205,1,340,3,3,2,1,0,0,3,0,0,0,0,0,0,0,0,0,0,0,0,0,0,0,0,41,36,0,49,366,352,26.44,34.626,1.02,2.19,5.95,133,81,263,12,0,624,27043
2019-01-30 07:02:18.771406,1,260,11,2,1,2,1,0,0,0,1,0,0,0,0,0,0,0,0,0,0,0,0,0,0,36,33,37,0,366,351,26.456,34.61,0.87,1.45,7.75,87,51,244,23,0,624,58876
2019-01-30 07:02:26.119209,1,259,7,1,0,1,0,1,0,0,0,0,0,0,0,0,0,0,0,0,0,0,0,0,0,34,0,0,0,366,354,26.461,34.508,0.76,1.18,1.58,104,56,243,27,0,624,20859
2019-01-30 07:02:33.473796,1,249,10,5,2,2,1,0,0,0,0,0,1,0,0,0,0,0,0,0,0,0,0,0,0,35,35,37,0,366,356,26.477,34.514,0.89,1.40,15.46,118,66,293,16,0,623,28662
2019-01-30 07:02:40.821426,1,292,7,6,2,0,0,3,0,0,0,0,0,0,0,0,0,0,0,0,0,0,0,0,0,35,40,0,0,367,357,26.487,34.334,0.95,1.98,3.13,104,83,270,17,0,623,58664
2019-01-30 07:02:48.169465,1,283,7,5,0,1,1,2,0,0,0,0,0,0,0,0,0,0,0,0,0,0,0,0,0,37,0,46,0,366,354,26.493,34.278,0.91,1.86,2.74,119,77,257,12,0,623,40980
2019-01-30 07:02:55.519690,1,270,7,2,2,1,1,3,0,0,1,0,0,0,0,0,0,0,0,0,0,0,0,0,0,30,42,34,0,366,366,26.508,34.1,0.85,2.23,9.38,106,76,248,13,0,624,33778
2019-01-30 07:03:02.872925,1,283,11,2,0,0,2,0,2,0,0,0,0,0,0,0,0,0,0,0,0,0,0,0,0,37,0,54,55,366,359,26.524,34.022,0.86,1.91,4.54,137,59,231,13,0,624,37713
2019-01-30 07:03:10.223968,1,266,14,3,1,2,0,1,0,1,0,0,0,0,0,0,0,0,0,0,0,0,0,0,0,35,35,0,0,367,361,26.54,34.05,0.88,1.66,5.13,124,52,228,16,0,624,50194
2019-01-30 07:03:17.573966,1,292,11,5,1,0,0,0,0,1,0,0,0,0,0,0,0,0,0,0,0,0,0,0,0,37,40,0,0,366,355,26.54,34.008,0.93,1.25,4.37,115,73,230,14,0,624,13398
2019-01-30 07:03:24.926264,1,262,7,4,4,2,1,0,2,0,0,0,0,0,0,0,0,0,0,0,0,0,0,0,0,36,37,42,56,366,354,26.556,33.95,0.93,2.15,4.76,100,59,237,19,0,624,32577
2019-01-30 07:03:39.630313,1,755,12,5,3,2,1,3,0,1,0,0,0,0,0,0,0,0,0,0,0,0,0,0,0,39,38,52,0,366,328,26.572,33.798,2.44,4.29,9.06,357,110,281,17,0,625,6391
2019-01-30 07:03:46.976917,1,308,8,5,0,0,1,0,0,0,0,0,0,0,0,0,0,0,0,0,0,0,0,0,0,36,0,3,0,367,330,26.561,33.752,1.01,1.28,1.38,180,92,253,10,0,624,7187
2019-01-30 07:03:54.326201,1,383,11,2,0,0,0,0,0,0,0,0,0,0,0,0,0,0,0,0,0,0,0,0,0,37,0,0,0,366,330,26.588,33.618,1.18,1.22,1.22,134,99,290,18,0,624,12018
2019-01-30 07:04:01.678333,1,347,9,2,2,3,0,0,1,1,0,0,0,0,0,0,0,0,0,0,0,0,0,0,0,36,33,0,65,366,332,26.598,33.602,1.17,2.18,6.89,138,127,253,24,0,624,55556
2019-01-30 07:04:09.032771,1,323,11,4,1,3,0,0,1,0,0,0,0,0,0,0,0,0,0,0,0,0,0,0,0,33,33,0,54,366,343,26.614,33.488,1.09,1.81,3.13,156,111,288,15,0,625,41700
2019-01-30 07:04:16.381349,1,337,6,3,1,0,2,2,0,1,0,0,0,0,0,0,0,0,0,0,0,0,0,0,0,29,33,38,0,367,355,26.635,33.372,1.02,2.32,6.39,133,93,290,9,0,625,53058
2019-01-30 07:04:23.729311,1,264,7,7,3,1,0,0,0,0,0,0,0,0,0,0,0,0,0,0,0,0,0,0,0,43,37,0,0,366,340,26.641,33.414,0.97,1.24,1.26,99,50,218,13,0,625,28453
2019-01-30 07:04:31.078490,1,237,8,4,2,1,1,0,0,0,1,0,0,0,0,0,0,0,0,0,0,0,0,0,0,34,34,72,0,366,345,26.647,33.294,0.83,1.38,7.77,109,61,248,21,0,625,3588
2019-01-30 07:04:38.427521,1,349,9,5,1,1,0,0,0,0,0,0,0,0,0,0,0,0,0,0,0,0,0,0,0,33,30,0,0,366,353,26.657,33.24,1.09,1.28,1.29,134,102,228,15,0,625,1093
2019-01-30 07:04:45.779690,1,249,10,3,2,2,0,0,0,0,0,0,0,0,0,0,0,0,0,0,0,0,0,0,0,36,35,0,0,366,352,26.673,33.222,0.85,1.15,1.18,137,97,285,19,0,624,33384
2019-01-30 07:04:53.130764,1,271,8,2,1,0,1,0,0,0,0,0,0,0,0,0,0,0,0,0,0,0,0,0,0,35,35,39,0,366,354,26.673,33.14,0.83,1.09,1.18,149,82,285,13,0,624,43686
2019-01-30 07:05:00.481813,1,305,12,4,0,2,2,0,0,0,0,0,0,0,0,0,0,0,0,0,0,0,0,0,0,39,0,44,0,366,343,26.684,33.164,1.04,1.70,1.91,142,86,302,14,0,624,43062
2019-01-30 07:05:07.832909,1,303,11,4,1,0,0,0,0,1,0,0,0,0,0,0,0,0,0,0,0,0,0,0,0,34,42,0,0,366,349,26.7,33.026,0.96,1.27,4.46,179,118,284,12,0,624,21942
2019-01-30 07:05:15.186053,1,303,6,5,1,0,1,0,1,0,0,0,0,0,0,0,0,0,0,0,0,0,0,0,0,36,35,37,43,366,349,26.71,33.03,0.96,1.57,2.92,170,114,292,9,0,624,56231
2019-01-30 07:05:22.538327,1,372,9,3,0,2,0,0,1,0,0,0,0,0,0,0,0,0,0,0,0,0,0,0,0,35,0,0,40,367,351,26.726,33.096,1.13,1.68,2.95,220,99,307,12,0,624,45603
2019-01-30 07:05:29.892464,1,529,16,3,0,1,1,0,1,0,0,0,0,0,0,0,0,0,0,0,0,0,0,0,0,37,0,36,46,366,346,26.726,33.074,1.60,2.28,3.66,279,70,230,12,0,625,19512
2019-01-30 07:05:37.239138,1,299,2,4,0,0,1,1,0,0,0,0,0,0,0,0,0,0,0,0,0,0,0,0,0,30,0,38,0,367,350,26.742,32.838,0.88,1.43,1.91,154,87,86,14,0,625,55584
2019-01-30 07:05:44.592811,1,341,10,3,1,2,1,1,1,0,0,1,0,0,0,0,0,0,0,0,0,0,0,0,0,31,35,13,64,366,363,26.758,32.7,1.06,2.17,13.54,130,125,95,19,0,625,65290
2019-01-30 07:07:54.659428,1,1052,7,4,1,1,0,0,0,0,1,0,0,0,0,0,0,0,0,0,0,0,0,0,0,30,33,0,0,366,455,26.619,33.128,2.26,2.51,7.28,228,664,177,12,0,624,50992
2019-01-30 07:08:02.011517,1,364,5,7,0,3,1,0,1,0,1,0,0,0,0,0,0,0,0,0,0,0,0,0,0,31,0,52,64,366,457,26.635,33.03,0.90,1.68,7.48,138,90,197,16,0,624,55772
2019-01-30 07:08:09.363562,1,213,5,4,2,3,1,0,1,0,0,0,0,1,0,0,0,0,0,0,0,0,0,0,0,37,43,33,41,366,442,26.635,32.93,0.62,1.35,15.72,97,67,200,9,0,625,33221
2019-01-30 07:08:16.710333,1,243,7,3,0,0,1,0,0,0,1,0,0,0,0,0,0,0,0,0,0,0,0,0,0,31,0,59,0,366,445,26.635,32.93,0.59,0.87,5.82,98,49,197,10,0,625,54974
2019-01-30 07:08:24.061679,1,239,9,2,1,1,1,0,0,0,0,0,0,0,0,0,0,0,0,0,0,0,0,0,0,29,41,35,0,366,455,26.641,32.99,0.60,0.88,0.96,86,69,217,15,0,623,10109
2019-01-30 07:08:31.408536,1,245,11,4,0,0,0,0,0,1,0,0,0,0,0,0,0,0,0,0,0,0,0,0,0,35,0,0,0,366,439,26.635,32.99,0.62,0.84,3.37,91,31,173,16,0,622,17580
2019-01-30 07:08:38.758893,1,266,15,2,0,1,0,0,0,0,0,0,0,1,0,0,0,0,0,0,0,0,0,0,0,33,0,0,0,366,433,26.647,32.856,0.69,0.79,14.35,103,41,203,20,0,623,28671
2019-01-30 07:08:46.107671,1,268,5,5,2,1,0,0,0,0,0,0,0,0,0,0,0,0,0,0,0,0,0,0,0,35,38,0,0,366,428,26.647,33.012,0.72,0.90,0.92,113,48,184,20,0,624,16880
2019-01-30 07:08:53.461045,1,237,10,3,2,0,2,0,0,0,0,0,0,0,0,0,0,0,0,0,0,0,0,0,0,35,40,41,0,366,418,26.641,32.952,0.68,1.11,1.27,107,25,192,22,0,624,61168
2019-01-30 07:09:00.812050,1,261,10,3,3,1,1,0,0,0,0,0,0,0,0,0,0,0,0,0,0,0,0,0,0,36,34,36,0,367,406,26.652,33.036,0.78,1.16,1.25,89,55,212,14,0,624,15253
2019-01-30 07:09:08.158867,1,256,12,6,0,0,0,1,0,0,0,0,0,0,0,0,0,0,0,0,0,0,0,0,0,34,0,0,0,366,403,26.663,32.976,0.74,1.06,1.40,99,25,183,15,0,624,39067
2019-01-30 07:09:15.510158,1,252,9,3,1,1,1,0,0,0,0,0,0,0,0,0,0,0,0,0,0,0,0,0,0,33,32,34,0,366,404,26.663,32.88,0.72,1.04,1.13,110,50,214,14,0,624,24888
2019-01-30 07:09:22.861033,1,270,9,5,1,3,1,1,0,0,0,0,0,0,0,0,0,0,0,0,0,0,0,0,0,30,33,36,0,366,415,26.668,33.0,0.80,1.56,2.00,94,38,160,17,0,624,56222
2019-01-30 07:09:30.212325,1,271,10,4,0,1,1,1,1,0,0,0,0,0,0,0,0,0,0,0,0,0,0,0,0,31,0,37,50,366,422,26.663,32.894,0.73,1.54,2.99,95,60,184,11,0,625,11475
2019-01-30 07:09:37.563341,1,229,16,2,1,1,0,1,0,0,0,0,0,0,0,0,0,0,0,0,0,0,0,0,0,32,43,0,0,366,425,26.668,32.82,0.65,1.04,1.37,82,21,176,13,0,624,59779
2019-01-30 07:09:44.910123,1,243,6,5,0,1,0,0,0,0,0,0,0,0,0,0,0,0,0,0,0,0,0,0,0,38,0,0,0,366,412,26.684,32.804,0.66,0.79,0.80,79,25,171,10,0,624,12853
2019-01-30 07:09:52.261379,1,206,15,6,3,0,0,0,0,1,0,0,0,0,0,0,0,0,0,0,0,0,0,0,0,31,35,0,0,366,422,26.673,32.738,0.66,1.00,3.63,94,41,161,17,0,624,44483
2019-01-30 07:09:59.612544,1,257,10,6,0,1,1,0,1,0,0,1,0,0,0,0,0,0,0,0,0,0,0,0,0,26,0,47,39,366,448,26.679,32.78,0.68,1.25,10.15,96,46,208,13,0,624,14744
2019-01-30 07:10:06.957145,1,256,6,3,0,0,0,0,0,0,0,0,0,0,0,0,0,0,0,0,0,0,0,0,0,30,0,0,0,366,452,26.679,32.78,0.59,0.62,0.62,91,49,188,13,0,624,56918
2019-01-30 07:10:14.305343,1,247,7,2,1,3,1,1,0,0,0,0,0,0,0,0,0,0,0,0,0,0,0,0,0,35,38,37,0,366,442,26.684,32.682,0.66,1.35,1.76,96,28,159,14,0,624,3485
2019-01-30 07:10:21.658937,1,240,11,3,2,0,1,0,0,1,0,0,0,0,0,0,0,0,0,0,0,0,0,0,0,33,49,49,0,366,437,26.673,32.7,0.65,1.09,3.70,105,28,153,22,0,624,23693
2019-01-30 07:10:29.010848,1,231,10,2,1,2,0,1,1,0,0,0,0,0,0,0,0,0,0,0,0,0,0,0,0,28,35,0,44,367,453,26.684,32.66,0.60,1.28,2.57,80,19,144,23,0,624,13989
2019-01-30 07:10:36.360707,1,298,8,7,0,1,1,1,0,0,0,1,0,0,0,0,0,0,0,0,0,0,0,0,0,34,0,37,0,366,445,26.679,32.7,0.78,1.34,9.62,109,78,197,19,0,624,41376
2019-01-30 07:10:43.710863,1,264,9,1,0,2,1,1,0,0,0,0,0,0,0,0,0,0,0,0,0,0,0,0,0,35,0,36,0,366,433,26.689,32.724,0.67,1.26,1.67,115,32,154,19,0,625,65518
2019-01-30 07:10:51.061851,1,222,10,3,1,2,2,0,0,1,0,0,0,0,0,0,0,0,0,0,0,0,0,0,0,37,44,34,0,366,415,26.689,32.682,0.67,1.43,4.28,102,28,159,10,0,625,4895
2019-01-30 07:10:58.410846,1,252,9,4,1,2,0,0,0,0,0,0,0,0,0,0,0,0,0,0,0,0,0,0,0,32,32,0,0,366,418,26.694,32.684,0.71,0.94,0.97,88,29,163,16,0,625,20728
2019-01-30 07:11:05.763355,1,277,17,7,1,0,0,0,0,0,0,0,0,0,0,0,0,0,0,0,0,0,0,0,0,32,51,0,0,366,422,26.694,32.624,0.81,0.90,0.90,108,54,183,14,0,625,26902
2019-01-30 07:11:13.111955,1,233,14,5,2,1,0,0,0,0,0,0,0,0,0,0,0,0,0,0,0,0,0,0,0,29,42,0,0,366,440,26.7,32.624,0.68,0.85,0.87,86,25,161,11,0,625,20911
2019-01-30 07:11:20.460952,1,272,10,4,0,0,0,0,0,1,1,0,0,0,0,0,0,0,0,0,0,0,0,0,0,38,0,0,0,366,417,26.694,32.664,0.71,1.04,8.90,105,38,179,17,0,625,62112
2019-01-30 07:11:27.811170,1,239,13,2,1,3,0,0,0,0,0,0,0,0,0,0,0,0,0,0,0,0,0,0,0,34,37,0,0,366,412,26.689,32.682,0.71,1.01,1.05,93,43,168,26,0,625,16857
2019-01-30 07:11:35.162372,1,275,8,5,1,0,1,0,0,0,0,0,0,0,0,0,0,0,0,0,0,0,0,0,0,32,39,36,0,366,415,26.694,32.684,0.75,1.00,1.08,103,21,175,13,0,625,29853
2019-01-30 07:11:42.513443,1,242,15,2,0,1,2,0,0,0,0,0,0,0,0,0,0,0,0,0,0,0,0,0,0,35,0,39,0,366,404,26.689,32.622,0.71,1.17,1.34,103,49,207,13,0,625,44645
2019-01-30 07:11:49.864302,1,226,8,6,2,0,1,0,0,1,0,0,0,0,0,0,0,0,0,0,0,0,0,0,0,38,35,37,0,366,391,26.7,32.604,0.72,1.22,4.14,95,55,200,24,0,624,11260
2019-01-30 07:11:57.217563,1,264,11,9,1,0,3,1,1,1,0,0,0,0,0,0,0,0,0,0,0,0,0,0,0,38,39,43,40,366,377,26.689,32.622,0.91,2.38,7.11,74,33,206,15,0,624,55118
2019-01-30 07:12:04.564239,1,270,7,2,0,0,0,1,0,0,0,0,0,0,0,0,0,0,0,0,0,0,0,0,0,32,0,0,0,367,382,26.7,32.564,0.73,1.03,1.39,95,50,201,22,0,624,38440
2019-01-30 07:12:11.916720,1,292,10,6,2,2,1,3,0,0,0,0,0,0,0,0,0,0,0,0,0,0,0,0,0,33,32,57,0,366,386,26.7,32.726,0.95,2.26,3.44,97,38,210,20,0,624,36388
2019-01-30 07:12:19.268745,1,240,11,1,2,2,1,0,0,0,2,0,0,0,0,0,0,0,0,0,0,0,0,0,0,31,34,34,0,366,397,26.7,32.726,0.72,1.38,12.40,82,50,187,19,0,625,2395
2019-01-30 07:12:26.616573,1,336,7,3,1,1,0,0,0,0,0,0,0,0,0,0,0,0,0,0,0,0,0,0,0,36,34,0,0,366,392,26.689,32.724,0.91,1.07,1.08,139,86,225,9,0,625,4470
2019-01-30 07:12:33.967004,1,650,11,3,1,0,0,1,0,0,0,0,0,0,0,0,0,0,0,0,0,0,0,0,0,33,33,0,0,366,395,26.705,32.768,1.65,2.00,2.35,301,140,285,17,0,624,52038
2019-01-30 07:12:41.317876,1,845,9,5,1,0,0,0,0,0,0,0,0,0,0,0,0,0,0,0,0,0,0,0,0,36,48,0,0,366,388,26.694,32.724,2.16,2.26,2.26,281,118,229,16,0,625,46804
2019-01-30 07:12:48.668929,1,231,5,6,1,3,0,0,1,1,0,0,0,0,0,0,0,0,0,0,0,0,0,0,0,33,32,0,43,366,389,26.689,32.622,0.74,1.58,5.60,102,57,164,12,0,624,23047
2019-01-30 07:12:56.018876,1,231,7,4,0,1,1,0,0,1,0,0,0,0,0,0,0,0,0,0,0,0,0,0,0,31,0,47,0,366,397,26.689,32.664,0.66,1.17,4.06,83,52,184,24,0,624,11720
2019-01-30 07:13:03.365809,1,306,14,5,0,3,1,0,0,0,0,0,0,0,0,0,0,0,0,0,0,0,0,0,0,31,0,35,0,366,409,26.689,32.604,0.90,1.37,1.49,90,86,110,11,0,625,3592
2019-01-30 07:13:10.711606,1,371,12,2,0,1,0,0,0,1,0,0,0,0,0,0,0,0,0,0,0,0,0,0,0,31,0,0,0,366,417,26.694,32.664,0.93,1.24,3.91,91,85,115,15,0,624,2790
2019-01-30 07:13:18.058944,1,356,10,4,4,1,0,1,0,1,0,0,0,0,0,0,0,0,0,0,0,0,0,0,0,29,35,0,0,366,432,26.7,32.726,0.96,1.63,4.53,81,84,125,15,0,624,3274
2019-01-30 07:13:25.410019,1,333,13,3,3,2,2,1,0,0,0,0,0,0,0,0,0,0,0,0,0,0,0,0,0,30,40,51,0,366,442,26.705,32.646,0.91,1.75,2.23,100,79,89,16,0,624,16142
2019-01-30 07:13:32.761324,1,337,11,2,1,1,2,0,0,0,0,0,0,0,0,0,0,0,0,0,0,0,0,0,0,29,31,44,0,366,455,26.7,32.624,0.82,1.26,1.41,78,82,114,13,0,624,37200
2019-01-30 07:13:40.112365,1,370,11,3,0,0,0,0,1,0,0,0,0,0,0,0,0,0,0,0,0,0,0,0,0,31,0,0,40,366,457,26.7,32.528,0.84,1.12,2.08,105,121,111,13,0,624,40781
2019-01-30 07:13:47.465374,1,351,9,6,5,6,0,0,2,0,0,0,0,0,0,0,0,0,0,0,0,0,0,0,0,30,34,0,49,366,462,26.7,32.544,1.00,2.11,4.08,104,121,115,16,0,624,54086
2019-01-30 07:13:54.818503,1,332,12,5,1,1,2,1,1,0,0,0,0,0,0,0,0,0,0,0,0,0,0,0,0,30,32,38,44,367,468,26.705,32.606,0.83,1.74,3.12,100,153,97,11,0,624,36618
2019-01-30 07:14:02.165275,1,303,9,4,0,1,1,0,0,0,0,0,0,0,0,0,0,0,0,0,0,0,0,0,0,32,0,33,0,367,464,26.71,32.528,0.72,0.98,1.06,73,91,105,14,0,624,10501
2019-01-30 07:14:09.513379,1,362,10,4,0,1,0,0,0,0,0,0,0,0,0,0,0,0,0,0,0,0,0,0,0,32,0,0,0,366,460,26.694,32.562,0.84,0.95,0.96,77,199,102,9,0,624,36906
2019-01-30 07:14:16.865543,1,352,11,7,3,0,0,1,2,0,1,0,0,0,0,0,0,0,0,0,0,0,0,0,0,36,41,0,62,366,439,26.689,32.54,0.94,1.94,9.20,86,198,120,8,0,624,63063
2019-01-30 07:14:24.217633,1,363,9,3,2,0,1,0,0,0,0,0,0,0,0,0,0,0,0,0,0,0,0,0,0,30,32,50,0,366,446,26.689,32.462,0.88,1.13,1.20,81,175,115,17,0,624,46487
2019-01-30 07:14:31.572987,1,372,16,1,0,4,1,0,1,0,0,0,0,0,0,0,0,0,0,0,0,0,0,0,0,32,0,45,40,366,444,26.689,32.526,0.95,1.69,2.80,106,164,111,15,0,624,15523
2019-01-30 07:14:38.925879,1,389,8,3,2,0,1,2,0,0,0,0,0,0,0,0,0,0,0,0,0,0,0,0,0,34,33,39,0,367,437,26.689,32.702,0.96,1.70,2.40,108,183,113,14,0,624,46779
2019-01-30 07:14:46.279009,1,455,5,5,2,1,1,0,0,0,0,0,0,0,0,0,0,0,0,0,0,0,0,0,0,33,30,43,0,367,435,26.684,32.54,1.12,1.46,1.55,137,187,152,14,0,624,22109
2019-01-30 07:14:53.626783,1,397,11,2,0,4,0,0,1,0,0,0,0,0,0,0,0,0,0,0,0,0,0,0,0,32,0,0,61,367,435,26.684,32.622,0.99,1.59,2.64,110,215,97,7,0,624,7336
2019-01-30 07:15:00.979094,1,366,12,5,1,0,0,0,1,0,0,0,0,0,0,0,0,0,0,0,0,0,0,0,0,32,37,0,56,366,436,26.684,32.702,0.92,1.25,2.26,111,188,99,15,0,624,5450
2019-01-30 07:15:08.329055,1,324,10,6,1,1,0,0,0,0,0,0,0,0,0,0,0,0,0,0,0,0,0,0,0,32,39,0,0,366,436,26.668,32.76,0.85,1.00,1.02,81,166,105,13,0,624,47627
2019-01-30 07:15:15.677962,1,386,11,2,0,3,0,0,0,0,0,0,0,0,0,0,0,0,0,0,0,0,0,0,0,31,0,0,0,366,441,26.684,32.804,0.94,1.20,1.23,92,123,109,11,0,624,48721
2019-01-30 07:15:23.026928,1,417,7,5,1,1,0,0,0,0,0,0,0,0,0,0,0,0,0,0,0,0,0,0,0,34,39,0,0,366,435,26.673,32.76,1.02,1.17,1.19,97,127,108,8,0,624,42891
2019-01-30 07:15:30.377122,1,411,7,2,3,1,1,0,0,0,0,0,0,0,0,0,0,0,0,0,0,0,0,0,0,32,32,41,0,366,435,26.679,32.742,1.02,1.37,1.46,99,156,98,8,0,624,29342
2019-01-30 07:15:37.729464,1,377,10,4,1,2,1,0,0,0,0,0,0,0,0,0,0,0,0,0,0,0,0,0,0,28,38,31,0,366,451,26.663,32.756,0.93,1.31,1.40,85,129,121,10,0,624,50668
2019-01-30 07:15:45.080355,1,395,11,7,2,1,1,1,0,0,0,0,0,0,0,0,0,0,0,0,0,0,0,0,0,30,34,35,0,366,458,26.668,32.82,1.00,1.57,1.96,117,152,123,14,0,624,47368
2019-01-30 07:15:52.428280,1,407,7,5,0,0,0,0,0,0,0,0,0,0,0,0,0,0,0,0,0,0,0,0,0,36,0,0,0,366,444,26.668,32.898,0.95,0.99,0.99,124,179,124,12,0,624,36346
2019-01-30 07:15:59.778515,1,272,10,2,1,0,0,0,0,0,0,0,0,0,0,0,0,0,1,0,0,0,0,0,0,29,38,0,0,366,455,26.673,32.82,0.64,0.69,6.81,88,75,255,19,0,624,45105
2019-01-30 07:16:07.130764,1,289,12,1,1,1,2,0,0,1,0,0,0,0,0,0,0,0,0,0,0,0,0,0,0,31,37,38,0,366,457,26.663,32.82,0.71,1.32,3.90,89,94,298,17,0,624,15200
2019-01-30 07:16:14.479557,1,245,8,7,1,2,0,1,0,0,0,0,0,0,0,0,0,0,0,0,0,0,0,0,0,29,30,0,0,366,465,26.668,32.88,0.66,1.11,1.43,90,40,229,19,0,624,17590
2019-01-30 07:16:21.831809,1,198,11,0,1,1,0,0,1,0,0,0,0,0,0,0,0,0,0,0,0,0,0,0,0,34,36,0,53,366,452,26.652,32.876,0.49,0.86,1.84,59,43,167,15,0,624,14530
2019-01-30 07:16:29.179710,1,160,8,5,3,1,0,2,0,0,0,0,0,0,1,0,0,0,0,0,0,0,0,0,0,39,32,0,0,366,428,26.647,32.934,0.53,1.24,15.70,25,77,198,13,0,624,51713
2019-01-30 07:16:36.528732,1,171,9,2,0,0,1,1,0,0,0,0,0,0,0,0,0,0,0,0,0,0,0,0,0,32,0,47,0,366,429,26.647,32.856,0.46,0.90,1.29,36,73,216,18,0,624,35241
2019-01-30 07:16:43.876755,1,189,6,4,2,2,0,0,0,0,0,0,0,0,0,0,0,0,0,0,0,0,0,0,0,30,32,0,0,366,435,26.647,32.994,0.55,0.80,0.82,38,78,203,16,0,624,36364
2019-01-30 07:16:51.225839,1,256,10,7,2,1,0,0,0,0,0,0,0,0,0,0,0,0,0,0,0,0,0,0,0,28,38,0,0,366,451,26.647,33.054,0.71,0.89,0.91,60,82,251,13,0,624,57392
2019-01-30 07:16:58.578286,1,174,12,3,2,0,1,1,0,0,1,0,0,0,0,0,0,0,0,0,0,0,0,0,0,32,35,36,0,366,449,26.641,32.93,0.50,1.08,6.29,41,83,230,16,0,624,31284
2019-01-30 07:17:05.924862,1,185,9,3,0,1,0,0,0,1,0,0,0,0,0,0,0,0,0,0,0,0,0,0,0,31,0,0,0,366,451,26.635,32.888,0.48,0.76,3.23,43,68,233,16,0,624,31588
2019-01-30 07:17:13.275213,1,145,13,4,3,2,0,0,0,0,0,0,0,0,0,0,0,0,0,0,0,0,0,0,0,28,49,0,0,366,470,26.641,32.972,0.47,0.73,0.76,29,72,210,24,0,624,35656
2019-01-30 07:17:20.624185,1,186,6,3,1,1,0,0,0,0,0,0,0,0,0,0,0,0,0,0,0,0,0,0,0,35,35,0,0,366,458,26.641,32.972,0.47,0.60,0.61,45,53,198,13,0,624,19186
2019-01-30 07:17:27.975370,1,181,10,3,1,0,3,0,0,0,0,0,0,0,0,0,0,0,0,0,0,0,0,0,0,31,31,33,0,366,460,26.641,32.852,0.50,1.02,1.22,46,61,184,13,0,624,5598
2019-01-30 07:17:35.321027,1,352,5,3,0,2,0,1,2,1,0,0,0,0,0,0,0,0,0,0,0,0,0,0,0,33,0,0,42,366,456,26.641,32.874,0.81,1.90,6.58,76,159,126,7,0,624,538
2019-01-30 07:17:42.666072,1,356,8,5,1,1,0,0,0,0,0,0,0,0,0,0,0,0,0,0,0,0,0,0,0,36,44,0,0,366,440,26.641,32.814,0.89,1.03,1.05,83,190,96,8,0,624,1325
2019-01-30 07:17:50.016426,1,387,11,5,0,0,1,0,0,0,0,0,0,0,0,0,0,0,0,0,0,0,0,0,0,36,0,42,0,366,423,26.647,32.856,0.98,1.20,1.27,85,191,99,11,0,624,23336
2019-01-30 07:17:57.364387,1,497,5,4,0,1,3,1,0,0,0,0,0,0,0,0,0,0,0,0,0,0,0,0,0,31,0,36,0,366,426,26.641,32.792,1.21,2.09,2.65,147,253,161,8,0,624,17375
2019-01-30 07:18:04.716851,1,439,12,6,1,0,2,1,0,0,0,0,0,0,0,0,0,0,0,0,0,0,0,0,0,33,52,36,0,366,424,26.647,32.792,1.14,1.82,2.29,144,223,130,7,0,624,61341
2019-01-30 07:18:12.071858,1,446,14,2,1,1,1,1,0,0,0,0,0,0,0,0,0,0,0,0,0,0,0,0,0,39,44,103,0,366,394,26.663,32.88,1.21,1.82,2.26,145,272,114,14,0,624,21561
2019-01-30 07:18:19.424898,1,441,12,1,0,2,1,0,1,0,0,0,0,0,0,0,0,0,0,0,0,0,0,0,0,32,0,58,42,367,401,26.652,32.892,1.15,1.80,2.99,169,234,113,11,0,624,23732
2019-01-30 07:18:26.775747,1,464,4,2,1,1,1,0,0,0,0,0,0,0,0,0,0,0,0,0,0,0,0,0,0,40,42,37,0,367,391,26.663,32.894,1.20,1.53,1.62,122,177,105,10,0,624,3273
2019-01-30 07:18:34.122694,1,410,7,5,0,0,0,1,0,0,0,0,0,0,0,0,0,0,0,0,0,0,0,0,0,32,0,0,0,366,395,26.663,32.916,1.08,1.39,1.74,136,190,110,7,0,624,20478
2019-01-30 07:18:41.475212,1,370,12,3,1,2,0,1,1,0,0,0,0,0,0,0,0,0,0,0,0,0,0,0,0,33,34,0,45,366,398,26.668,32.936,1.03,1.82,3.30,127,129,116,11,0,624,36293
2019-01-30 07:18:48.825050,1,327,7,3,1,0,0,0,1,0,0,0,0,0,0,0,0,0,0,0,0,0,0,0,0,34,47,0,81,366,397,26.679,32.96,0.86,1.21,2.32,56,185,100,15,0,624,44058
2019-01-30 07:18:56.174055,1,296,7,2,1,3,2,1,0,0,0,0,0,0,0,0,0,0,0,0,0,0,0,0,0,36,33,39,0,366,391,26.673,32.882,0.87,1.83,2.39,43,205,91,9,0,624,13605
2019-01-30 07:19:03.520980,1,410,6,6,0,4,1,1,0,0,1,0,0,0,0,0,0,0,0,0,0,0,0,0,0,33,0,44,0,366,393,26.689,32.922,1.17,2.14,8.14,99,148,124,5,0,624,31306
2019-01-30 07:19:10.872251,1,681,9,2,0,1,2,0,0,0,0,0,0,0,0,0,0,0,0,0,0,0,0,0,0,36,0,40,0,366,386,26.684,32.9,1.76,2.26,2.43,171,246,152,12,0,624,31278
2019-01-30 07:19:18.219978,1,258,8,6,1,4,0,0,0,0,0,0,0,0,0,0,0,0,0,0,0,0,0,0,0,32,41,0,0,366,392,26.689,32.886,0.83,1.26,1.31,30,231,68,10,0,624,48463
2019-01-30 07:19:25.570244,1,277,13,8,1,0,1,0,0,0,0,0,0,0,0,0,0,0,0,0,0,0,0,0,0,35,35,38,0,366,387,26.689,32.904,0.88,1.17,1.25,91,199,103,5,0,624,1204
2019-01-30 07:19:32.918291,1,286,5,5,0,3,1,0,0,0,0,0,0,0,0,0,0,0,0,0,0,0,0,0,0,33,0,39,0,366,389,26.684,32.886,0.85,1.34,1.46,74,205,95,8,0,624,44182
2019-01-30 07:19:40.270610,1,355,6,0,2,0,1,0,0,0,0,0,0,0,0,0,0,0,0,0,0,0,0,0,0,37,37,46,0,366,383,26.694,32.868,0.95,1.21,1.30,90,250,112,11,0,624,54006
2019-01-30 07:19:47.620357,1,224,7,4,1,0,1,0,0,0,0,0,0,0,0,0,0,0,0,0,0,0,0,0,0,40,33,45,0,366,369,26.684,32.66,0.70,0.96,1.05,40,145,95,10,0,624,62132
2019-01-30 07:19:54.971527,1,252,9,2,1,1,0,1,1,1,0,0,0,0,0,0,0,0,0,0,0,0,0,0,0,35,36,0,65,366,369,26.694,32.604,0.76,1.73,6.32,53,181,61,10,0,624,12002
2019-01-30 07:20:02.320500,1,307,15,4,0,1,0,0,0,0,0,0,0,0,0,0,0,0,0,0,0,0,0,0,0,34,0,0,0,366,373,26.689,32.504,0.93,1.07,1.08,80,227,135,13,0,624,52831
2019-01-30 07:20:09.666404,1,241,9,4,0,0,0,1,0,0,1,0,0,0,0,0,0,0,0,0,0,0,0,0,0,34,0,0,0,366,375,26.684,32.642,0.71,1.15,7.30,56,148,92,8,0,624,62008
2019-01-30 07:20:17.015727,1,348,10,3,1,2,1,1,0,0,0,0,0,0,0,0,0,0,0,0,0,0,0,0,0,36,54,42,0,366,370,26.705,32.688,1.05,1.79,2.28,83,165,87,9,0,624,14660
2019-01-30 07:20:24.361445,1,246,5,2,0,1,0,2,0,0,0,0,0,0,0,0,0,0,0,0,0,0,0,0,0,39,0,0,0,366,363,26.694,32.744,0.72,1.43,2.20,45,178,86,15,0,624,49248
2019-01-30 07:20:31.708649,1,257,15,2,0,0,0,0,0,0,0,0,0,0,0,0,0,0,0,0,0,0,0,0,0,33,0,0,0,366,372,26.7,32.666,0.76,0.79,0.79,40,172,86,12,0,624,25112
2019-01-30 07:20:39.061137,1,283,6,2,1,1,2,0,0,0,0,0,0,0,0,0,0,0,0,0,0,0,0,0,0,28,48,46,0,366,386,26.694,32.526,0.81,1.32,1.50,103,194,131,8,0,624,31329
2019-01-30 07:20:46.405732,1,269,10,5,0,0,0,1,0,0,0,0,0,0,0,0,0,0,0,0,0,0,0,0,0,34,0,0,0,366,386,26.705,32.606,0.78,1.10,1.46,48,137,99,9,0,624,9012
2019-01-30 07:20:53.757083,1,237,4,5,1,3,1,1,0,1,0,0,0,0,0,0,0,0,0,0,0,0,0,0,0,32,50,44,0,366,389,26.705,32.606,0.75,1.76,5.08,56,147,92,19,0,623,43203
2019-01-30 07:21:01.105046,1,286,5,5,3,2,0,0,0,0,0,0,0,0,0,0,0,0,0,0,0,0,0,0,0,30,40,0,0,366,396,26.705,32.586,0.86,1.17,1.20,77,159,98,4,0,624,22723
2019-01-30 07:21:08.454196,1,277,5,3,2,3,1,0,1,0,1,0,0,0,0,0,0,0,0,0,0,0,0,0,0,31,33,37,45,366,401,26.705,32.646,0.81,1.73,8.35,66,191,97,10,0,624,1931
2019-01-30 07:21:15.801126,1,258,7,2,2,0,0,0,0,0,0,0,0,0,0,0,0,0,0,0,0,0,0,0,0,31,33,0,0,366,407,26.7,32.624,0.69,0.78,0.78,56,160,72,6,0,624,44900
2019-01-30 07:21:23.147110,1,282,4,5,0,1,0,1,0,1,0,0,0,0,0,0,0,0,0,0,0,0,0,0,0,35,0,0,0,366,404,26.7,32.586,0.76,1.35,4.45,71,229,99,6,0,624,27962
2019-01-30 07:21:30.498407,1,240,11,5,0,1,2,0,1,0,1,0,0,0,0,0,0,0,0,0,0,0,0,0,0,31,0,37,42,366,413,26.694,32.624,0.70,1.55,8.03,45,189,96,20,0,624,30338
2019-01-30 07:21:37.849408,1,311,9,3,3,2,1,0,0,1,0,0,0,0,0,0,0,0,0,0,0,0,0,0,0,39,46,34,0,366,394,26.694,32.706,0.93,1.62,4.55,82,190,86,12,0,624,18544
2019-01-30 07:21:45.193113,1,269,9,2,0,1,0,0,0,1,0,0,0,0,0,0,0,0,0,0,0,0,0,0,0,31,0,0,0,366,402,26.705,32.768,0.72,1.03,3.80,53,163,86,9,0,624,26839
2019-01-30 07:21:52.545629,1,292,5,5,1,3,2,0,0,0,0,0,0,0,0,0,0,0,0,0,0,0,0,0,0,30,34,39,0,366,409,26.705,32.646,0.85,1.52,1.72,63,161,104,11,0,624,42212
2019-01-30 07:21:59.898792,1,256,9,5,2,1,1,0,1,0,0,0,0,0,0,0,0,0,0,0,0,0,0,0,0,33,35,42,45,366,409,26.705,32.666,0.76,1.40,2.57,54,173,107,15,0,624,52944
2019-01-30 07:22:07.250911,1,295,10,10,0,1,1,1,1,0,0,0,0,0,0,0,0,0,0,0,0,0,0,0,0,34,0,47,53,367,406,26.705,32.726,0.89,1.77,3.28,84,163,96,9,0,624,25686
2019-01-30 07:22:14.597616,1,578,6,2,0,0,1,0,0,0,0,0,0,0,0,0,0,0,0,0,0,0,0,0,0,37,0,3,0,366,398,26.705,32.748,1.42,1.63,1.71,130,142,121,15,0,624,2422
2019-01-30 07:22:21.948932,1,280,13,2,1,1,3,1,0,0,0,0,0,0,0,0,0,0,0,0,0,0,0,0,0,36,34,39,0,366,388,26.705,32.606,0.85,1.83,2.44,48,168,88,9,0,624,18525
2019-01-30 07:22:29.296925,1,308,10,0,0,2,0,1,0,0,0,0,0,0,0,0,0,0,0,0,0,0,0,0,0,34,0,0,0,366,388,26.7,32.706,0.84,1.30,1.68,67,156,123,10,0,624,50721
2019-01-30 07:22:36.645743,1,253,8,4,0,2,2,0,0,0,0,0,0,0,0,0,0,0,0,0,0,0,0,0,0,33,0,41,0,366,390,26.7,32.808,0.76,1.34,1.53,35,168,93,13,0,624,22103
2019-01-30 07:22:43.995978,1,274,12,5,0,1,0,0,1,1,0,0,0,0,0,0,0,0,0,0,0,0,0,0,0,34,0,0,42,366,390,26.7,32.646,0.81,1.44,5.42,48,159,87,10,0,624,48382
2019-01-30 07:22:51.345048,1,235,8,1,1,2,1,1,0,0,0,0,0,0,0,0,0,0,0,0,0,0,0,0,0,30,36,34,0,366,401,26.7,32.766,0.67,1.34,1.79,46,159,87,6,0,624,50769
2019-01-30 07:22:58.691076,1,232,10,5,0,0,0,1,0,0,1,1,0,0,0,0,0,0,0,0,0,0,0,0,0,32,0,0,0,366,406,26.7,32.666,0.66,1.11,15.44,43,173,103,12,0,624,3611
2019-01-30 07:23:06.042377,1,276,5,4,1,0,1,0,0,0,0,0,0,0,0,0,0,0,0,0,0,0,0,0,0,36,33,37,0,366,401,26.7,32.564,0.75,1.00,1.08,55,164,85,12,0,624,60987
2019-01-30 07:23:13.393373,1,277,9,7,1,1,0,0,1,1,0,0,0,0,0,0,0,0,0,0,0,0,0,0,0,34,36,0,53,366,399,26.694,32.664,0.83,1.49,5.38,94,166,102,7,0,624,40920
2019-01-30 07:23:20.741313,1,246,8,3,0,0,2,0,0,0,0,0,0,0,0,0,0,0,0,0,0,0,0,0,0,35,0,37,0,366,395,26.7,32.748,0.69,1.08,1.24,56,173,84,13,0,624,28976
2019-01-30 07:23:28.088262,1,248,7,4,0,1,1,1,0,0,0,0,0,0,0,0,0,0,0,0,0,0,0,0,0,32,0,50,0,366,399,26.689,32.484,0.70,1.27,1.71,54,173,92,8,0,624,12183
2019-01-30 07:23:35.439717,1,292,8,3,4,0,5,1,1,0,0,0,0,0,0,0,0,0,0,0,0,0,0,0,0,33,37,47,40,366,400,26.694,32.424,0.90,2.51,4.35,71,210,99,13,0,624,61697
2019-01-30 07:23:42.788424,1,236,6,1,3,1,0,0,0,0,0,0,0,0,0,0,0,0,0,0,0,0,0,0,0,30,36,0,0,366,408,26.7,32.486,0.66,0.85,0.87,45,157,94,15,0,624,39071
2019-01-30 07:23:50.134510,1,262,14,3,0,1,0,1,0,0,0,0,0,0,0,0,0,0,0,0,0,0,0,0,0,29,0,0,0,366,428,26.7,32.586,0.70,1.06,1.39,84,153,83,9,0,624,48408
2019-01-30 07:23:57.481441,1,260,9,5,4,1,0,0,0,0,1,0,0,0,0,0,0,0,0,0,0,0,0,0,0,31,29,0,0,366,433,26.694,32.604,0.75,1.09,6.11,53,137,82,7,0,624,41650
2019-01-30 07:24:04.829693,1,218,4,1,2,1,0,0,2,0,0,0,0,0,0,0,0,0,0,0,0,0,0,0,0,31,47,0,44,366,435,26.705,32.528,0.55,1.22,3.25,46,170,83,6,0,624,46438
2019-01-30 07:24:12.178770,1,245,10,3,0,2,2,0,0,0,0,0,0,0,0,0,0,0,0,0,0,0,0,0,0,41,0,42,0,366,402,26.705,32.406,0.72,1.28,1.46,59,114,75,8,0,624,38518
2019-01-30 07:24:19.531024,1,590,8,4,2,1,1,0,0,0,0,0,0,0,0,0,0,0,0,0,0,0,0,0,0,52,35,53,0,366,354,26.694,32.342,1.73,2.16,2.26,162,138,139,19,0,624,4719
2019-01-30 07:24:26.878895,1,245,8,3,2,1,0,0,0,0,0,0,0,0,0,0,0,0,0,0,0,0,0,0,0,33,36,0,0,366,360,26.705,32.406,0.79,0.99,1.00,42,135,95,10,0,624,64328
2019-01-30 07:24:34.229070,1,271,5,3,1,0,0,0,1,0,0,0,0,0,0,0,0,0,0,0,0,0,0,0,0,33,33,0,43,366,364,26.7,32.448,0.79,1.16,2.37,66,142,114,10,0,624,5151
2019-01-30 07:24:41.578281,1,233,6,3,3,0,0,0,1,1,0,0,0,0,0,0,0,0,0,0,0,0,0,0,0,32,39,0,46,366,370,26.694,32.486,0.73,1.38,5.58,28,148,107,9,0,624,27823
2019-01-30 07:24:48.926197,1,298,15,2,0,1,0,0,0,0,0,0,0,0,0,0,0,0,0,0,0,0,0,0,0,34,0,0,0,366,373,26.7,32.384,0.88,1.00,1.02,53,153,96,14,0,624,30707
2019-01-30 07:24:56.273988,1,217,9,3,1,0,0,0,0,0,0,0,0,0,0,0,0,0,0,0,0,0,0,0,0,34,48,0,0,366,375,26.694,32.582,0.65,0.72,0.72,57,143,96,9,0,624,36487
2019-01-30 07:25:03.623297,1,287,5,4,1,1,0,2,0,0,0,0,0,0,0,0,0,0,0,0,0,0,0,0,0,45,36,0,0,366,358,26.7,32.828,0.89,1.66,2.44,68,148,98,10,0,624,30766
2019-01-30 07:25:10.971239,1,236,4,4,0,2,1,0,0,1,0,0,0,0,0,0,0,0,0,0,0,0,0,0,0,40,0,37,0,366,353,26.71,32.75,0.76,1.42,4.69,52,185,94,13,0,624,7560
2019-01-30 07:25:18.319320,1,238,5,3,3,1,0,0,0,0,0,0,0,0,0,0,0,0,0,0,0,0,0,0,0,26,40,0,0,366,368,26.694,32.604,0.76,0.98,1.00,59,129,82,8,0,624,27337
2019-01-30 07:25:25.672551,1,241,6,6,1,1,1,0,1,1,0,0,0,0,0,0,0,0,0,0,0,0,0,0,0,35,31,35,55,366,368,26.71,32.43,0.79,1.69,6.00,54,141,86,12,0,624,53331
2019-01-30 07:25:33.021428,1,258,10,5,2,2,1,0,0,0,0,0,0,0,0,0,0,0,0,0,0,0,0,0,0,35,39,44,0,367,367,26.71,32.328,0.88,1.38,1.49,46,126,88,8,0,624,61405
2019-01-30 07:25:40.371610,1,220,11,5,1,0,0,1,0,0,0,0,0,0,0,0,0,0,0,0,0,0,0,0,0,40,43,0,0,366,351,26.716,32.37,0.76,1.15,1.54,65,152,85,10,0,624,54013
2019-01-30 07:25:47.720632,1,300,9,3,1,0,0,0,0,0,0,0,0,0,0,0,0,0,0,0,0,0,0,0,0,36,32,0,0,366,351,26.716,32.288,0.92,0.99,0.99,94,126,76,12,0,624,54649
2019-01-30 07:25:55.070825,1,256,8,7,0,0,1,0,1,1,0,0,0,0,0,0,0,0,0,0,0,0,0,0,0,30,0,40,65,366,364,26.721,32.352,0.82,1.61,5.95,57,121,78,13,0,624,24484
2019-01-30 07:26:02.419861,1,237,15,6,0,2,1,0,0,0,0,0,0,0,0,0,0,0,0,0,0,0,0,0,0,33,0,38,0,366,373,26.726,32.31,0.82,1.25,1.36,41,137,81,12,0,625,36297
2019-01-30 07:26:09.772063,1,230,13,1,4,0,2,0,0,0,0,0,0,0,0,0,0,0,0,0,0,0,0,0,0,33,36,38,0,366,380,26.71,32.204,0.76,1.29,1.46,38,153,68,14,0,624,30770
2019-01-30 07:26:17.120910,1,248,10,8,2,0,0,0,0,0,0,0,0,0,0,0,0,0,0,0,0,0,0,0,0,31,49,0,0,366,390,26.731,32.154,0.80,0.93,0.93,53,133,92,9,0,624,13709
2019-01-30 07:26:24.467007,1,256,8,4,0,0,0,2,0,0,0,0,0,0,0,0,0,0,0,0,0,0,0,0,0,33,0,0,0,366,393,26.731,32.094,0.71,1.30,2.00,64,164,99,13,0,624,51991
2019-01-30 07:26:31.816971,1,208,9,2,3,0,1,1,0,0,0,0,0,0,0,0,0,0,0,0,0,0,0,0,0,32,42,50,0,366,398,26.731,32.052,0.64,1.21,1.64,42,135,76,8,0,624,16606
2019-01-30 07:26:39.162853,1,219,8,2,0,3,0,0,0,0,0,0,0,0,0,0,0,0,0,0,0,0,0,0,0,33,0,0,0,366,400,26.742,32.054,0.63,0.91,0.95,51,157,68,8,0,624,29219
2019-01-30 07:26:46.514367,1,233,12,1,2,1,1,1,0,0,1,0,0,0,0,0,0,0,0,0,0,0,0,0,0,34,47,37,0,366,398,26.737,31.932,0.70,1.42,7.31,59,169,96,11,0,625,26117
2019-01-30 07:26:53.862338,1,241,4,7,2,2,0,0,0,0,1,0,0,0,0,0,0,0,0,0,0,0,0,0,0,31,33,0,0,366,402,26.742,31.832,0.75,1.14,6.56,45,168,96,8,0,625,31687
2019-01-30 07:27:01.213430,1,256,11,2,1,0,1,0,0,1,0,0,0,0,0,0,0,0,0,0,0,0,0,0,0,34,39,34,0,366,399,26.742,31.892,0.72,1.15,4.02,52,156,82,15,0,625,43172
2019-01-30 07:27:08.559221,1,256,11,0,0,2,0,1,0,0,0,0,0,0,0,0,0,0,0,0,0,0,0,0,0,44,0,0,0,366,363,26.753,31.874,0.77,1.27,1.67,56,148,74,9,0,624,56778
2019-01-30 07:27:15.905283,1,219,12,7,0,1,0,0,0,0,0,0,0,0,0,0,0,0,0,0,0,0,0,0,0,34,0,0,0,366,367,26.747,31.832,0.75,0.90,0.92,45,101,86,12,0,624,2721
2019-01-30 07:27:23.252325,1,231,6,5,1,1,0,0,0,0,0,0,0,0,0,0,0,0,0,0,0,0,0,0,0,42,42,0,0,366,354,26.742,31.794,0.76,0.94,0.96,35,146,78,7,0,624,33305
2019-01-30 07:27:30.602715,1,234,10,3,3,3,0,0,1,0,0,0,0,0,0,0,0,0,0,0,0,0,0,0,0,36,38,0,42,366,353,26.758,31.718,0.85,1.60,2.89,52,145,76,9,0,624,27291
2019-01-30 07:27:37.950697,1,209,8,2,3,0,0,0,0,0,0,0,0,0,0,0,0,0,0,0,0,0,0,0,0,32,33,0,0,366,362,26.758,31.758,0.68,0.81,0.81,38,149,90,13,0,624,43359
2019-01-30 07:27:45.298877,1,243,16,4,0,0,0,1,0,0,0,0,0,0,0,0,0,0,0,0,0,0,0,0,0,34,0,0,0,366,367,26.753,31.656,0.78,1.11,1.49,61,160,87,11,0,624,7623
2019-01-30 07:27:52.646759,1,241,7,1,0,0,0,2,1,0,1,0,0,0,0,0,0,0,0,0,0,0,0,0,0,34,0,0,48,366,369,26.768,31.658,0.67,1.69,9.51,37,176,81,9,0,625,28267
2019-01-30 07:27:59.997883,1,246,6,4,1,3,0,0,1,0,0,0,0,0,0,0,0,0,0,0,0,0,0,0,0,36,35,0,45,366,367,26.768,31.64,0.80,1.46,2.69,51,162,68,11,0,625,36040
2019-01-30 07:28:07.346989,1,262,5,5,1,2,2,0,0,0,0,0,0,0,0,0,0,0,0,0,0,0,0,0,0,33,32,50,0,366,370,26.763,31.616,0.85,1.50,1.70,65,152,95,7,0,625,46097
2019-01-30 07:28:14.692802,1,252,6,2,3,2,0,2,0,0,0,0,0,0,0,0,0,0,0,0,0,0,0,0,0,34,36,0,0,366,372,26.763,31.578,0.80,1.69,2.46,55,124,78,15,0,624,2526
2019-01-30 07:28:22.043075,1,237,10,2,1,2,3,1,0,0,0,0,0,0,0,0,0,0,0,0,0,0,0,0,0,32,33,43,0,366,380,26.779,31.58,0.77,1.85,2.49,30,182,92,11,0,624,3299
2019-01-30 07:28:29.392100,1,308,7,3,2,0,0,1,0,0,0,0,0,0,0,0,0,0,0,0,0,0,0,0,0,34,35,0,0,366,381,26.768,31.56,0.88,1.26,1.62,65,212,121,8,0,624,50499
2019-01-30 07:28:36.740044,1,228,5,2,1,2,0,0,0,0,0,0,0,0,0,0,0,0,0,0,0,0,0,0,0,36,41,0,0,366,378,26.774,31.58,0.68,0.91,0.94,48,153,81,7,0,624,61325
2019-01-30 07:28:44.091398,1,282,8,4,0,0,1,0,1,0,0,0,0,0,0,0,0,0,0,0,0,0,0,0,0,34,0,40,42,366,379,26.779,31.622,0.81,1.33,2.58,57,172,79,11,0,624,57042
2019-01-30 07:28:51.442449,1,238,5,1,1,1,2,1,0,0,1,0,0,0,0,0,0,0,0,0,0,0,0,0,0,34,32,44,0,366,380,26.779,31.602,0.69,1.61,7.85,49,164,65,10,0,624,42600
2019-01-30 07:28:58.793545,1,207,4,2,1,2,0,0,1,0,0,0,0,0,0,0,0,0,0,0,0,0,0,0,0,36,35,0,42,366,378,26.784,31.584,0.62,1.15,2.34,54,149,86,14,0,624,49530
2019-01-30 07:29:06.143510,1,245,6,2,0,2,1,2,0,1,0,0,0,0,0,0,0,0,0,0,0,0,0,0,0,33,0,39,0,366,380,26.774,31.662,0.72,1.89,5.64,42,158,102,12,0,624,16106
2019-01-30 07:29:13.494846,1,212,9,3,1,0,1,0,0,0,0,1,0,0,0,0,0,0,0,0,0,0,0,0,0,34,35,41,0,366,381,26.784,31.602,0.64,0.94,10.24,53,174,76,10,0,624,44292
2019-01-30 07:29:20.842585,1,257,7,4,1,2,0,1,0,0,0,0,0,0,0,0,0,0,0,0,0,0,0,0,0,30,34,0,0,366,392,26.79,31.466,0.76,1.28,1.66,40,178,92,11,0,624,18022
2019-01-30 07:29:28.189483,1,236,8,1,0,2,1,0,0,0,0,0,0,0,0,0,0,0,0,0,0,0,0,0,0,29,0,47,0,366,405,26.795,31.484,0.65,1.01,1.11,35,151,66,14,0,624,26964
2019-01-30 07:29:35.540934,1,243,10,4,2,2,0,0,0,0,0,0,0,0,0,0,0,0,0,0,0,0,0,0,0,36,38,0,0,366,396,26.784,31.502,0.76,1.03,1.06,73,143,71,17,0,624,22086
2019-01-30 07:29:42.884562,1,219,9,1,0,3,0,0,0,0,0,0,0,0,0,0,0,0,0,0,0,0,0,0,0,39,0,0,0,366,380,26.795,31.484,0.66,0.95,0.98,52,191,74,6,0,624,54763
2019-01-30 07:29:50.232812,1,251,11,2,0,4,0,0,0,0,0,1,0,0,0,0,0,0,0,0,0,0,0,0,0,34,0,0,0,366,381,26.8,31.484,0.78,1.21,10.47,40,191,80,7,0,624,19383
2019-01-30 07:29:57.580767,1,284,7,4,1,0,0,0,0,0,0,0,0,0,0,0,0,0,0,0,0,0,0,0,0,34,57,0,0,366,382,26.795,31.406,0.81,0.88,0.88,34,173,101,5,0,624,7165
2019-01-30 07:30:04.931084,1,279,6,4,1,0,1,0,1,0,0,0,0,0,0,0,0,0,0,0,0,0,0,0,0,32,42,36,52,366,386,26.805,31.428,0.79,1.34,2.56,50,206,85,4,0,624,63137
2019-01-30 07:30:12.280085,1,255,10,3,2,0,0,2,0,0,0,0,0,0,0,0,0,0,0,0,0,0,0,0,0,36,35,0,0,366,380,26.805,31.506,0.77,1.44,2.17,24,180,93,10,0,624,39376
2019-01-30 07:30:19.629113,1,267,10,6,0,1,2,0,0,0,0,0,0,0,0,0,0,0,0,0,1,0,0,0,0,35,0,40,0,366,378,26.805,31.41,0.84,1.37,4.36,56,165,98,10,0,624,12440
2019-01-30 07:30:26.980293,1,369,18,3,1,0,0,0,0,0,0,0,0,0,0,0,0,0,0,0,0,0,0,0,0,34,42,0,0,366,380,26.8,31.428,1.07,1.14,1.15,108,160,86,13,0,624,41688
2019-01-30 07:30:34.331423,1,296,8,5,2,1,1,2,0,0,0,0,0,0,0,0,0,0,0,0,0,0,0,0,0,34,43,40,0,366,381,26.805,31.388,0.92,1.87,2.69,89,192,104,3,0,624,54933
2019-01-30 07:30:41.677122,1,237,3,7,0,2,0,2,0,0,0,0,0,0,0,0,0,0,0,0,0,0,0,0,0,31,0,0,0,366,385,26.8,31.388,0.73,1.52,2.26,52,176,90,7,0,624,58239
2019-01-30 07:30:49.026336,1,222,9,5,2,1,0,1,0,0,0,0,0,0,0,0,0,0,0,0,0,0,0,0,0,34,42,0,0,366,385,26.8,31.368,0.72,1.20,1.57,55,147,88,10,0,624,44429
2019-01-30 07:30:56.376460,1,226,4,2,0,0,1,1,0,0,0,0,0,0,0,0,0,0,0,0,0,0,0,0,0,32,0,37,0,366,388,26.805,31.41,0.61,1.09,1.53,64,153,83,16,0,624,29826
2019-01-30 07:31:03.730951,1,245,11,5,1,2,1,1,1,0,0,0,0,0,0,0,0,0,0,0,0,0,0,0,0,32,35,40,65,366,395,26.8,31.448,0.78,1.77,3.33,54,166,60,12,0,624,34810
2019-01-30 07:31:11.076408,1,254,7,6,0,1,0,0,0,0,0,0,0,0,0,0,0,0,0,0,0,0,0,0,0,30,0,0,0,367,404,26.805,31.488,0.72,0.85,0.86,72,155,74,9,0,624,15470
2019-01-30 07:31:18.425617,1,252,12,1,1,1,1,2,0,0,0,0,0,0,0,0,0,0,0,0,0,0,0,0,0,36,41,44,0,366,394,26.816,31.332,0.74,1.60,2.39,58,155,71,6,0,624,7721
2019-01-30 07:31:25.771504,1,229,6,1,0,1,0,0,0,1,0,0,0,0,0,0,0,0,0,0,0,0,0,0,0,31,0,0,0,366,400,26.8,31.368,0.60,0.90,3.69,55,143,84,8,0,624,41304
2019-01-30 07:31:33.122972,1,245,15,2,1,0,0,0,1,0,0,0,0,0,0,0,0,0,0,0,0,0,0,0,0,35,42,0,40,366,393,26.821,31.31,0.71,1.06,2.18,46,127,87,13,0,624,17082
2019-01-30 07:31:40.474009,1,620,11,4,1,2,0,0,0,0,0,0,0,0,0,0,0,0,0,0,0,0,0,0,0,35,48,0,0,366,388,26.811,31.35,1.66,1.92,1.94,127,174,133,5,0,624,39611
2019-01-30 07:31:47.821915,1,249,10,5,1,1,0,0,0,1,0,0,0,0,0,0,0,0,0,0,0,0,0,0,0,31,41,0,0,366,398,26.816,31.31,0.74,1.11,3.91,56,154,73,12,0,624,47051
2019-01-30 07:31:55.171079,1,217,15,2,2,0,0,2,0,0,0,0,0,0,0,0,0,0,0,0,0,0,0,0,0,37,43,0,0,366,382,26.827,31.272,0.69,1.35,2.07,53,157,90,11,0,624,26017
2019-01-30 07:32:02.514869,1,206,5,2,0,0,0,0,0,0,0,0,0,0,0,0,0,0,0,0,0,0,0,0,0,33,0,0,0,366,384,26.811,31.248,0.55,0.58,0.58,49,159,82,10,0,624,41604
2019-01-30 07:32:09.864199,1,312,7,2,0,0,2,0,0,0,0,0,0,0,0,0,0,0,0,0,0,0,0,0,0,31,0,45,0,366,392,26.827,31.334,0.83,1.22,1.38,94,196,92,14,0,624,27982
2019-01-30 07:32:17.210119,1,279,6,3,0,0,0,0,0,0,0,0,0,0,0,0,0,0,0,0,0,0,0,0,0,37,0,0,0,366,385,26.827,31.25,0.75,0.78,0.78,35,178,80,15,0,624,33220
2019-01-30 07:32:24.557069,1,205,7,2,0,2,1,0,0,0,0,0,0,0,0,0,0,0,0,0,0,0,0,0,0,34,0,59,0,366,386,26.827,31.272,0.61,1.00,1.10,56,188,77,4,0,624,22598
2019-01-30 07:32:31.904106,1,247,7,7,0,0,0,1,0,0,0,0,0,0,0,0,0,0,0,0,0,0,0,0,0,31,0,0,0,366,393,26.827,31.314,0.72,1.05,1.40,68,178,82,11,0,624,35748
2019-01-30 07:32:39.249248,1,210,13,2,0,1,0,0,0,0,0,0,0,0,0,0,0,0,0,0,0,0,0,0,0,34,0,0,0,366,392,26.832,31.254,0.62,0.73,0.74,58,151,92,3,0,624,35637
2019-01-30 07:32:46.597437,1,241,10,1,1,1,0,1,0,1,0,0,0,0,0,0,0,0,0,0,0,0,0,0,0,30,48,0,0,366,405,26.837,31.236,0.66,1.26,4.35,62,155,85,8,0,624,28812
2019-01-30 07:32:53.945496,1,305,13,2,1,1,0,0,0,0,0,0,0,0,0,0,0,0,0,0,0,0,0,0,0,36,33,0,0,366,393,26.842,31.236,0.86,1.01,1.02,66,157,67,8,0,624,40524
2019-01-30 07:33:01.291335,1,239,8,2,0,1,0,1,0,0,0,0,0,0,0,0,0,0,0,0,0,0,0,0,0,33,0,0,0,366,396,26.842,31.176,0.66,1.04,1.40,49,148,74,5,0,624,16862
2019-01-30 07:33:08.642977,1,248,9,4,2,0,1,0,0,1,0,0,0,0,0,0,0,0,0,0,0,0,0,0,0,31,34,40,0,366,404,26.837,31.112,0.72,1.20,4.03,101,180,72,9,0,624,47248
2019-01-30 07:33:15.990686,1,260,5,5,1,0,0,1,0,0,0,0,0,0,0,0,0,0,0,0,0,0,0,0,0,32,34,0,0,366,406,26.853,31.136,0.71,1.05,1.39,55,188,98,12,0,624,20584
2019-01-30 07:33:23.338727,1,217,12,4,0,1,3,0,0,0,0,0,0,0,0,0,0,0,0,0,0,0,0,0,0,33,0,43,0,366,407,26.842,31.134,0.67,1.32,1.56,43,151,84,8,0,624,62343
2019-01-30 07:33:30.684702,1,287,8,3,0,0,0,0,0,0,0,1,0,0,0,0,0,0,0,0,0,0,0,0,0,33,0,0,0,366,408,26.848,31.058,0.74,0.81,9.41,80,179,70,8,0,624,25172
2019-01-30 07:33:38.030717,1,202,5,3,0,3,0,0,0,0,0,0,0,0,0,0,0,0,0,0,0,0,0,0,0,33,0,0,0,366,408,26.858,31.118,0.58,0.86,0.89,51,160,67,9,0,624,57075
2019-01-30 07:33:45.378956,1,242,6,2,1,0,0,1,0,0,0,0,0,0,0,0,0,0,0,0,0,0,0,0,0,36,45,0,0,366,402,26.858,31.1,0.64,0.96,1.31,76,194,96,6,0,624,60504
2019-01-30 07:33:52.725981,1,251,5,4,1,1,0,0,0,0,0,0,0,0,0,0,0,0,0,0,0,0,0,0,0,35,34,0,0,366,399,26.853,31.158,0.70,0.86,0.87,62,167,77,4,0,624,59539
2019-01-30 07:34:00.073046,1,232,8,1,0,1,0,0,1,0,0,0,0,0,0,0,0,0,0,0,0,0,0,0,0,32,0,0,42,366,403,26.869,31.104,0.61,0.99,2.09,55,174,79,7,0,624,15999
2019-01-30 07:34:07.421197,1,222,3,4,3,1,0,0,0,0,0,0,0,0,0,0,0,0,0,0,0,0,0,0,0,36,35,0,0,366,400,26.869,31.122,0.66,0.88,0.89,48,164,76,9,0,624,52662
2019-01-30 07:34:14.769303,1,262,10,3,1,1,0,0,0,0,0,0,0,0,0,0,0,0,0,0,0,0,0,0,0,33,33,0,0,366,402,26.863,31.082,0.74,0.89,0.90,46,171,75,5,0,624,34629
2019-01-30 07:34:22.120374,1,247,11,1,1,0,1,1,0,0,0,0,0,0,0,0,0,0,0,0,0,0,0,0,0,31,37,42,0,366,411,26.869,31.064,0.67,1.15,1.56,46,193,77,12,0,624,18513
2019-01-30 07:34:29.468381,1,237,9,5,3,3,0,1,0,0,0,0,0,0,0,0,0,0,0,0,0,0,0,0,0,33,43,0,0,366,411,26.886,31.068,0.76,1.41,1.78,62,136,92,15,0,625,12021
2019-01-30 07:34:36.817435,1,238,13,4,2,0,0,0,0,0,0,0,0,0,0,0,0,0,0,0,0,0,0,0,0,36,35,0,0,366,398,26.875,31.004,0.72,0.82,0.83,48,159,74,8,0,625,31128
2019-01-30 07:34:44.161175,1,252,9,1,0,0,0,0,0,0,0,0,0,0,0,0,0,0,0,0,0,0,0,0,0,33,0,0,0,366,400,26.875,31.022,0.65,0.67,0.67,60,148,72,2,0,625,21589
2019-01-30 07:34:51.508552,1,229,6,2,2,2,0,0,0,0,0,0,0,0,0,0,0,0,0,0,0,0,0,0,0,30,34,0,0,366,408,26.88,31.064,0.65,0.90,0.93,70,111,97,8,0,625,30384
2019-01-30 07:34:58.853377,1,236,13,4,0,3,0,0,0,0,0,0,0,0,0,0,0,0,0,0,0,0,0,0,0,34,0,0,0,366,404,26.875,31.004,0.72,1.01,1.05,50,177,85,6,0,624,4017
2019-01-30 07:35:06.201697,1,232,6,2,1,1,0,0,0,0,0,0,0,0,0,0,0,0,0,0,0,0,0,0,0,35,31,0,0,366,400,26.88,31.004,0.64,0.78,0.79,70,150,71,12,0,625,48095
2019-01-30 07:35:13.547669,1,237,8,0,2,1,0,0,0,0,0,0,0,0,0,0,0,0,0,0,0,0,0,0,0,31,47,0,0,366,407,26.88,30.944,0.64,0.80,0.81,49,141,79,9,0,624,5950
2019-01-30 07:35:20.893725,1,274,5,4,0,1,1,0,0,0,0,0,0,0,0,0,0,0,0,0,0,0,0,0,0,34,0,39,0,366,406,26.88,30.924,0.74,1.03,1.12,82,160,79,13,0,625,1963
2019-01-30 07:35:28.238811,1,262,8,4,0,4,0,0,0,0,1,0,0,0,0,0,0,0,0,0,0,0,0,0,0,36,0,0,0,366,398,26.891,30.882,0.78,1.27,6.77,39,154,99,10,0,625,51285
2019-01-30 07:35:35.584784,1,268,8,3,0,0,0,0,1,0,0,0,0,0,0,0,0,0,0,0,0,0,0,0,0,37,0,0,44,366,388,26.896,30.926,0.73,1.05,2.18,60,136,70,9,0,625,19571
2019-01-30 07:35:42.935166,1,307,9,4,1,1,0,0,1,0,0,1,0,0,0,0,0,0,0,0,0,0,0,0,0,34,48,0,44,366,388,26.891,30.986,0.88,1.37,11.57,68,169,92,7,0,625,21752
2019-01-30 07:35:50.285359,1,304,12,2,0,1,0,1,1,0,0,0,0,0,0,0,0,0,0,0,0,0,0,0,0,34,0,0,43,366,388,26.896,30.948,0.85,1.53,3.03,61,197,123,3,0,624,46220
2019-01-30 07:35:57.632120,1,237,7,4,0,1,0,0,0,0,0,0,0,0,0,0,0,0,0,0,0,0,0,0,0,35,0,0,0,366,386,26.896,30.99,0.69,0.81,0.82,56,211,83,12,0,624,59792
2019-01-30 07:36:04.973971,1,256,8,4,0,0,0,0,0,0,0,0,0,0,0,0,0,0,0,0,0,0,0,0,0,35,0,0,0,366,383,26.891,30.986,0.72,0.76,0.76,53,191,70,7,0,625,36042
2019-01-30 07:36:12.322307,1,240,7,3,2,3,0,1,0,0,0,0,0,0,0,0,0,0,0,0,0,0,0,0,0,39,32,0,0,366,372,26.896,30.99,0.79,1.45,1.86,50,166,75,12,0,625,60034
2019-01-30 07:36:19.668306,1,260,12,3,0,1,0,0,0,0,0,0,0,0,0,0,0,0,0,0,0,0,0,0,0,35,0,0,0,366,371,26.896,30.948,0.79,0.91,0.93,50,193,85,6,0,625,10025
2019-01-30 07:36:27.017525,1,312,13,4,3,1,0,1,0,0,0,0,0,0,0,0,0,0,0,0,0,0,0,0,0,32,57,0,0,366,382,26.891,31.008,0.98,1.49,1.86,68,199,87,11,0,625,61295
2019-01-30 07:36:34.365572,1,238,16,3,0,0,0,1,0,0,0,0,0,0,0,0,0,0,0,0,0,0,0,0,0,32,0,0,0,366,393,26.891,30.966,0.70,1.01,1.36,47,165,75,11,0,625,24408
2019-01-30 07:36:41.711384,1,219,10,2,0,0,0,1,0,0,0,0,0,0,0,0,0,0,0,0,0,0,0,0,0,34,0,0,0,366,392,26.891,30.86,0.61,0.91,1.26,52,206,78,6,0,625,46331
2019-01-30 07:36:49.060780,1,237,11,4,1,1,0,0,0,0,0,0,0,0,0,0,0,0,0,0,0,0,0,0,0,34,34,0,0,366,391,26.896,30.968,0.72,0.88,0.89,74,195,84,7,0,625,54939
2019-01-30 07:36:56.410842,1,571,5,1,1,0,0,0,0,0,0,0,0,0,0,0,0,0,0,0,0,0,0,0,0,38,32,0,0,366,384,26.896,31.028,1.44,1.50,1.50,135,232,116,8,0,625,23882
2019-01-30 07:37:03.760840,1,250,12,1,1,1,1,0,0,0,0,0,0,0,0,0,0,0,0,0,0,0,0,0,0,31,37,39,0,366,396,26.896,31.008,0.72,1.04,1.13,45,185,76,3,0,625,4936
2019-01-30 07:37:11.107773,1,216,11,2,0,0,0,0,1,0,0,0,0,0,0,0,0,0,0,0,0,0,0,0,0,32,0,0,48,366,402,26.896,31.028,0.59,0.89,1.98,61,162,85,11,0,625,28475
2019-01-30 07:37:18.455826,1,248,5,1,2,0,0,0,0,0,0,0,0,0,0,0,0,0,0,0,0,0,0,0,0,37,40,0,0,366,396,26.886,31.146,0.66,0.74,0.74,64,160,64,10,0,625,38013
2019-01-30 07:37:25.802883,1,224,6,3,2,1,0,0,0,0,0,0,0,0,0,0,0,0,0,0,0,0,0,0,0,37,36,0,0,366,389,26.896,31.128,0.67,0.85,0.87,46,151,89,11,0,625,5781
2019-01-30 07:37:33.153213,1,224,9,3,3,0,1,0,0,0,0,0,0,0,0,0,0,0,0,0,0,0,0,0,0,33,33,45,0,366,392,26.901,31.128,0.69,1.00,1.09,48,153,66,5,0,625,63175
2019-01-30 07:37:40.499102,1,242,7,2,0,0,0,0,0,0,0,0,1,0,0,0,0,0,0,0,0,0,0,0,0,38,0,0,0,366,382,26.896,31.128,0.66,0.68,13.68,57,159,71,8,0,625,51202
2019-01-30 07:37:47.844990,1,278,14,2,0,0,1,1,0,0,0,0,0,0,0,0,0,0,0,0,0,0,0,0,0,36,0,43,0,366,374,26.891,31.206,0.82,1.33,1.78,53,157,84,9,0,625,38794
2019-01-30 07:37:55.191277,1,277,7,0,0,0,0,1,0,0,0,0,0,0,0,0,0,0,0,0,0,0,0,0,0,33,0,0,0,366,378,26.891,31.268,0.73,1.02,1.39,72,210,93,12,0,625,22397
2019-01-30 07:38:02.535182,1,279,7,2,0,0,0,0,0,0,0,0,0,0,0,0,0,0,0,0,0,0,0,0,0,33,0,0,0,366,381,26.891,31.248,0.75,0.77,0.77,48,184,94,6,0,625,11144
2019-01-30 07:38:09.881320,1,249,4,3,1,1,0,0,0,0,0,0,0,0,0,0,0,0,0,0,0,0,0,0,0,35,40,0,0,366,380,26.891,31.248,0.71,0.87,0.88,60,186,85,11,0,625,29282
2019-01-30 07:38:17.229447,1,239,12,3,1,3,1,1,0,0,0,0,0,0,0,0,0,0,0,0,0,0,0,0,0,35,34,42,0,366,378,26.88,31.224,0.80,1.61,2.09,51,168,89,7,0,625,46205
2019-01-30 07:38:24.575407,1,264,10,5,0,2,2,1,0,0,0,0,0,0,0,0,0,0,0,0,0,0,0,0,0,33,0,42,0,366,383,26.891,31.268,0.84,1.72,2.26,53,181,65,7,0,624,30711
2019-01-30 07:38:31.921392,1,273,8,4,0,0,1,1,0,0,0,0,0,0,0,0,0,0,0,0,0,0,0,0,0,35,0,37,0,366,381,26.88,31.286,0.79,1.29,1.74,42,185,88,6,0,625,32395
2019-01-30 07:38:39.275063,1,224,15,4,1,2,1,1,1,0,0,0,0,0,0,0,0,0,0,0,0,0,0,0,0,34,42,58,45,366,382,26.896,31.23,0.76,1.78,3.40,46,179,74,12,0,624,52387
2019-01-30 07:38:46.617385,1,264,5,5,0,1,0,1,0,0,0,0,0,0,0,0,0,0,0,0,0,0,0,0,0,40,0,0,0,367,372,26.886,31.206,0.78,1.21,1.59,58,184,79,6,0,625,40741
2019-01-30 07:38:53.964741,1,271,10,2,1,2,0,0,0,0,0,0,0,0,0,0,0,0,0,0,0,0,0,0,0,33,49,0,0,366,378,26.875,31.244,0.81,1.05,1.08,56,181,88,8,0,625,64909
2019-01-30 07:39:01.309759,1,265,6,4,0,1,0,0,0,0,0,0,0,0,0,0,0,0,0,0,0,0,0,0,0,30,0,0,0,366,387,26.886,31.226,0.74,0.87,0.88,71,164,96,10,0,625,26672
2019-01-30 07:39:08.656811,1,297,9,4,0,2,1,1,0,0,0,0,0,0,0,0,0,0,0,0,0,0,0,0,0,32,0,44,0,366,393,26.875,31.224,0.86,1.53,1.98,63,172,96,7,0,625,58124
2019-01-30 07:39:16.005058,1,243,9,1,1,0,0,0,0,0,0,0,0,0,0,0,0,0,0,0,0,0,0,0,0,35,47,0,0,366,389,26.88,31.286,0.67,0.72,0.72,66,185,93,13,0,625,55023
2019-01-30 07:39:23.352109,1,263,7,3,1,4,0,0,0,0,0,0,0,0,0,0,0,0,0,0,0,0,0,0,0,30,45,0,0,366,399,26.869,31.386,0.78,1.19,1.24,48,195,73,4,0,624,26246
2019-01-30 07:39:30.697979,1,249,9,3,0,0,0,2,0,0,1,0,0,0,0,0,0,0,0,0,0,0,0,0,0,34,0,0,0,366,397,26.886,31.346,0.68,1.36,7.52,34,209,70,13,0,625,31080
2019-01-30 07:39:38.047230,1,253,9,2,0,1,1,0,0,0,0,0,0,0,0,0,0,0,0,0,0,0,0,0,0,35,0,45,0,366,393,26.875,31.326,0.71,1.00,1.09,44,208,103,8,0,625,58904
2019-01-30 07:39:45.391062,1,262,9,0,0,1,0,0,0,0,0,0,0,0,0,0,0,0,0,0,0,0,0,0,0,34,0,0,0,366,392,26.869,31.386,0.69,0.79,0.80,37,170,90,7,0,625,17316
2019-01-30 07:39:52.741466,1,268,8,6,1,1,1,0,0,0,0,0,0,0,0,0,0,0,0,0,0,0,0,0,0,35,40,38,0,366,389,26.863,31.404,0.82,1.18,1.27,42,179,107,9,0,625,36455
2019-01-30 07:40:00.089338,1,276,7,2,1,1,0,0,0,0,0,0,0,0,0,0,0,0,0,0,0,0,0,0,0,34,35,0,0,366,389,26.863,31.404,0.76,0.91,0.92,46,199,91,8,0,625,32087
2019-01-30 07:40:07.437484,1,261,4,1,1,1,1,0,0,0,0,0,0,0,0,0,0,0,0,0,0,0,0,0,0,36,37,47,0,366,386,26.869,31.424,0.72,1.04,1.13,63,217,81,6,0,625,43005
2019-01-30 07:40:14.786618,1,257,6,5,1,2,1,1,0,0,0,0,0,0,0,0,0,0,0,0,0,0,0,0,0,36,54,38,0,366,382,26.858,31.32,0.81,1.53,2.00,41,181,76,9,0,625,26576
2019-01-30 07:40:22.134527,1,328,8,5,1,0,0,0,0,0,0,0,0,0,0,0,0,0,0,0,0,0,0,0,0,38,37,0,0,366,372,26.869,31.242,0.96,1.04,1.04,86,140,111,11,0,625,46528
2019-01-30 07:40:29.485708,1,280,12,2,2,0,0,0,1,0,0,0,0,0,0,0,0,0,0,0,0,0,0,0,0,33,34,0,41,366,379,26.853,31.422,0.83,1.22,2.38,75,162,89,5,0,625,63039
2019-01-30 07:40:36.830609,1,269,7,4,0,2,0,0,0,0,0,0,0,0,0,0,0,0,0,0,0,0,0,0,0,31,0,0,0,366,387,26.858,31.422,0.78,0.99,1.02,51,148,69,6,0,625,39553
2019-01-30 07:40:44.181944,1,287,10,1,1,0,1,2,0,0,0,0,0,0,0,0,0,0,0,0,0,0,0,0,0,33,35,36,0,366,390,26.842,31.338,0.80,1.58,2.37,65,124,81,9,0,625,28015
2019-01-30 07:40:51.528842,1,265,6,2,1,0,0,1,0,0,0,0,0,0,0,0,0,0,0,0,0,0,0,0,0,32,32,0,0,366,394,26.858,31.422,0.71,1.04,1.39,34,175,80,7,0,625,36733
2019-01-30 07:40:58.874897,1,335,6,8,2,0,0,1,0,0,0,0,0,0,0,0,0,0,0,0,0,0,0,0,0,31,34,0,0,366,400,26.853,31.46,0.96,1.36,1.70,71,137,84,4,0,625,22900
2019-01-30 07:41:06.222037,1,713,8,2,0,1,0,1,0,0,0,0,0,0,0,0,0,0,0,0,0,0,0,0,0,40,0,0,0,366,382,26.853,31.482,1.83,2.24,2.61,181,167,156,5,0,625,56800
2019-01-30 07:41:13.572126,1,323,4,2,1,1,1,1,0,0,0,0,0,0,0,0,0,0,0,0,0,0,0,0,0,36,34,61,0,366,380,26.848,31.518,0.90,1.52,1.97,78,120,92,6,0,625,61864
2019-01-30 07:41:20.919003,1,272,8,0,0,0,1,0,0,0,0,0,0,0,0,0,0,0,0,0,0,0,0,0,0,35,0,38,0,366,378,26.842,31.458,0.73,0.93,1.01,64,169,87,9,0,625,5328
2019-01-30 07:41:28.267184,1,283,5,2,1,1,0,0,0,0,0,0,0,0,0,0,0,0,0,0,0,0,0,0,0,30,10,0,0,366,386,26.842,31.418,0.78,0.92,0.94,47,166,74,13,0,625,34031
2019-01-30 07:41:35.615337,1,220,12,1,1,2,0,1,0,0,0,0,0,0,0,0,0,0,0,0,0,0,0,0,0,33,43,0,0,366,390,26.842,31.358,0.67,1.17,1.55,58,152,72,2,0,625,57604
2019-01-30 07:41:42.961173,1,302,5,6,0,1,0,0,0,0,0,0,0,0,0,0,0,0,0,0,0,0,0,0,0,34,0,0,0,366,390,26.837,31.416,0.85,0.99,1.00,69,177,95,10,0,625,31509
2019-01-30 07:41:50.308207,1,237,11,3,0,0,0,1,0,0,0,0,0,0,0,0,0,0,0,0,0,0,0,0,0,36,0,0,0,366,382,26.837,31.494,0.69,1.00,1.36,57,168,80,8,0,625,10149
2019-01-30 07:41:57.658654,1,313,6,1,1,0,1,0,0,0,0,0,0,0,0,0,0,0,0,0,0,0,0,0,0,35,59,36,0,366,381,26.842,31.458,0.84,1.08,1.17,82,206,64,10,0,625,61133
2019-01-30 07:42:05.007627,1,256,10,1,0,2,0,0,1,0,0,0,0,0,0,0,0,0,0,0,0,0,0,0,0,32,0,0,50,366,388,26.832,31.458,0.72,1.21,2.36,57,181,89,12,0,625,45489
2019-01-30 07:42:12.355603,1,264,16,3,1,1,0,0,0,0,0,0,0,0,0,0,0,0,0,0,0,0,0,0,0,36,39,0,0,366,379,26.837,31.514,0.82,0.98,1.00,80,174,85,9,0,625,7404
2019-01-30 07:42:19.703501,1,269,9,1,1,0,0,0,0,0,0,0,0,0,0,0,0,0,0,0,0,0,0,0,0,36,35,0,0,366,374,26.832,31.532,0.76,0.81,0.81,61,160,68,11,0,625,55260
2019-01-30 07:42:27.048662,1,242,7,1,1,0,0,0,0,0,0,0,0,0,0,0,0,0,0,0,0,0,0,0,0,34,33,0,0,366,376,26.842,31.578,0.67,0.73,0.73,107,174,64,5,0,625,3599
2019-01-30 07:42:34.402208,1,289,11,3,1,0,1,0,1,0,0,0,0,0,0,0,0,0,0,0,0,0,0,0,0,33,50,41,44,366,381,26.827,31.554,0.84,1.40,2.63,67,160,78,7,0,625,65151
2019-01-30 07:42:41.750922,1,243,9,3,1,0,0,0,0,0,0,0,0,0,0,0,0,0,0,0,0,0,0,0,0,34,45,0,0,367,382,26.827,31.614,0.70,0.77,0.77,50,163,68,12,0,625,51103
2019-01-30 07:42:49.098007,1,646,8,1,0,1,0,1,0,0,0,0,0,0,0,0,0,0,0,0,0,0,0,0,0,38,0,0,0,366,372,26.832,31.532,1.70,2.11,2.49,175,343,228,4,0,625,31794
